{"cameraMode":{"drawMode":0,"name":"Shaded","section":"Shading Mode"},"sceneLighting":false,"audioPlay":false,"sceneViewState":{"m_AlwaysRefresh":false,"showFog":true,"showSkybox":false,"showFlares":true,"showImageEffects":true,"showParticleSystems":true,"showVisualEffectGraphs":true,"m_FxEnabled":true},"in2DMode":false,"pivot":{"x":0.03894335776567459,"y":1.3179148435592652,"z":-0.09218115359544754},"rotation":{"x":0.00004278997948858887,"y":0.9995949864387512,"z":-0.001499566831625998,"w":0.028496071696281434},"size":2.0240585803985597,"orthographic":true}