{"cameraMode":{"drawMode":0,"name":"Shaded","section":"Shading Mode"},"sceneLighting":false,"audioPlay":false,"sceneViewState":{"m_AlwaysRefresh":false,"showFog":true,"showSkybox":false,"showFlares":true,"showImageEffects":true,"showParticleSystems":true,"showVisualEffectGraphs":true,"m_FxEnabled":true},"in2DMode":false,"pivot":{"x":-0.5640348196029663,"y":3.63767147064209,"z":0.4048490524291992},"rotation":{"x":-0.007805448491126299,"y":0.9683181643486023,"z":-0.24776779115200044,"w":-0.030514495447278024},"size":4.397119045257568,"orthographic":false}