{"cameraMode":{"drawMode":0,"name":"Shaded","section":"Shading Mode"},"sceneLighting":false,"audioPlay":false,"sceneViewState":{"m_AlwaysRefresh":false,"showFog":true,"showSkybox":false,"showFlares":true,"showImageEffects":true,"showParticleSystems":true,"showVisualEffectGraphs":true,"m_FxEnabled":true},"in2DMode":false,"pivot":{"x":0.8541165590286255,"y":2.2586114406585695,"z":-0.9441928863525391},"rotation":{"x":0.3213088810443878,"y":-0.24307362735271455,"z":0.08571269363164902,"w":0.9112288355827332},"size":9.539711952209473,"orthographic":true}