{"cameraMode":{"drawMode":0,"name":"Shaded","section":"Shading Mode"},"sceneLighting":false,"audioPlay":false,"sceneViewState":{"m_AlwaysRefresh":false,"showFog":true,"showSkybox":false,"showFlares":true,"showImageEffects":true,"showParticleSystems":true,"showVisualEffectGraphs":true,"m_FxEnabled":true},"in2DMode":false,"pivot":{"x":-1.0486773252487183,"y":2.263378858566284,"z":-0.5005800724029541},"rotation":{"x":0.14400213956832887,"y":0.11521770060062409,"z":-0.016885044053196908,"w":0.9827215075492859},"size":3.5653109550476076,"orthographic":true}