{"cameraMode":{"drawMode":0,"name":"Shaded","section":"Shading Mode"},"sceneLighting":true,"audioPlay":false,"sceneViewState":{"m_AlwaysRefresh":false,"showFog":true,"showSkybox":true,"showFlares":true,"showImageEffects":true,"showParticleSystems":true,"showVisualEffectGraphs":true,"m_FxEnabled":true},"in2DMode":false,"pivot":{"x":136.5417022705078,"y":29.516273498535158,"z":143.50474548339845},"rotation":{"x":0.21590976417064668,"y":0.3576180934906006,"z":-0.08536186069250107,"w":0.9045466780662537},"size":16.22852897644043,"orthographic":false}